Direction,Letter Height (degrees),Eccentricity (degrees)
1,3.7,40
1,0.40000000000000013,10
1,0.4,5
1,0.3000000000000002,20
1,0.7000000000000002,15
1,0.7999999999999998,35
1,0.7000000000000002,25
1,1.0999999999999999,30
3,0.3000000000000002,5
3,0.8,30
3,0.7000000000000002,15
3,1.4999999999999998,35
3,2.1,40
3,1.2999999999999998,25
3,0.8,20
3,0.3000000000000002,10
