Direction,Letter Height (degrees),Eccentricity (degrees)
1,0.4,20
1,0.30000000000000004,5
1,1.0,35
3,0.30000000000000004,5
3,1.2,35
3,0.40000000000000013,20
1,0.30000000000000004,15
3,0.30000000000000004,10
1,0.40000000000000013,25
1,0.7000000000000002,30
3,0.40000000000000024,15
3,1.2,40
3,0.8,30
3,0.40000000000000024,25
1,0.30000000000000004,10
1,0.8999999999999999,40
