Direction,Letter Height (degrees),Eccentricity (degrees)
1,1.0,30
3,0.40000000000000013,10
3,0.5000000000000002,15
1,1.1999999999999997,35
3,0.30000000000000004,5
3,1.4,35
1,0.7000000000000002,15
1,1.7,40
3,0.8999999999999999,30
3,1.0999999999999999,40
3,0.6000000000000001,25
1,1.0,25
1,0.8,20
1,0.30000000000000004,5
1,0.4999999999999999,10
3,0.8,20
