Direction,Letter Height (degrees),Eccentricity (degrees)
3,1.8,35
1,1.8000000000000005,35
3,1.4999999999999998,40
3,0.3000000000000002,15
3,0.4,5
3,1.0,30
1,1.0,30
1,1.0,20
1,1.4000000000000001,40
1,0.7000000000000002,15
1,0.40000000000000013,10
3,1.1999999999999997,25
3,0.5000000000000002,20
1,1.0,25
3,0.40000000000000013,10
1,0.5,5
