Direction,Letter Height (degrees),Eccentricity (degrees)
1,0.4999999999999999,40
1,0.5999999999999999,35
1,0.30000000000000004,20
1,0.8,25
1,0.2,15
1,1.3,30
1,0.30000000000000004,5
1,0.2,10
3,0.40000000000000013,15
3,0.40000000000000013,20
3,0.7999999999999998,40
3,0.40000000000000013,30
3,0.2,5
3,0.5,35
3,0.30000000000000004,10
3,0.30000000000000004,25
