Direction,Letter Height (degrees),Eccentricity (degrees)
1,0.40000000000000013,15
1,0.30000000000000004,10
1,0.7000000000000002,25
3,0.3000000000000002,20
1,0.30000000000000004,5
3,1.4999999999999998,35
3,0.8999999999999999,25
3,0.4,10
3,2.3000000000000003,40
3,1.7,30
3,0.40000000000000024,15
1,0.3000000000000001,30
1,0.7000000000000002,20
3,0.3000000000000001,5
1,1.2,35
1,1.4,40
