Direction,Letter Height (degrees),Eccentricity (degrees)
3,0.8999999999999999,30
1,0.20000000000000004,5
1,0.30000000000000016,10
3,0.30000000000000004,5
3,1.0,35
1,0.40000000000000024,30
3,0.4,20
3,0.9999999999999998,40
1,0.40000000000000013,15
1,1.7,40
3,0.8,15
1,0.40000000000000024,20
3,0.4,10
3,0.5,25
1,0.8,35
1,0.4999999999999999,25
