Direction,Letter Height (degrees),Eccentricity (degrees)
3,0.20000000000000004,5
1,0.8999999999999999,40
3,0.40000000000000013,30
3,0.7000000000000002,35
3,0.5000000000000001,40
3,0.30000000000000004,15
3,0.4,20
1,0.3000000000000001,25
1,0.7000000000000002,35
1,0.29999999999999993,20
1,0.30000000000000004,10
1,0.20000000000000004,5
3,0.30000000000000004,10
1,0.4,15
3,0.30000000000000027,25
1,0.30000000000000016,30
