Direction,Letter Height (degrees),Eccentricity (degrees)
1,0.7000000000000002,25
1,1.2,40
1,0.6000000000000001,35
1,1.0,30
1,0.40000000000000013,15
1,0.40000000000000024,20
1,0.30000000000000004,10
1,0.20000000000000004,5
3,0.7000000000000002,20
3,1.7,40
3,0.8,30
3,0.8999999999999999,35
3,0.30000000000000004,5
3,0.8,15
3,0.8,25
3,0.40000000000000013,10
