Direction,Letter Height (degrees),Eccentricity (degrees)
3,0.4,20
3,0.5,35
3,0.20000000000000004,10
3,0.4,25
3,0.39999999999999997,15
3,0.20000000000000004,5
3,0.7000000000000002,40
3,0.40000000000000013,30
1,0.5000000000000002,35
1,0.30000000000000004,15
1,0.20000000000000004,30
1,1.1,40
1,0.7000000000000002,25
1,1.2,20
1,0.20000000000000004,10
1,0.20000000000000004,5
