Direction,Letter Height (degrees),Eccentricity (degrees)
3,1.2,30
1,0.5999999999999999,20
3,0.4,5
1,0.7000000000000002,15
1,0.30000000000000004,5
3,1.3999999999999997,40
1,2.2,30
3,1.2,35
3,0.5,15
1,1.6999999999999997,40
1,0.9000000000000001,35
3,0.7000000000000002,25
1,0.30000000000000016,10
3,0.7000000000000002,20
1,0.7,25
3,0.40000000000000013,10
