Direction,Letter Height (degrees),Eccentricity (degrees)
3,1.0,30
3,0.7000000000000002,15
1,0.9000000000000001,20
1,0.3000000000000002,15
3,0.30000000000000004,5
1,1.7,40
1,0.20000000000000004,5
1,0.7000000000000002,30
3,0.40000000000000013,10
3,0.3000000000000002,20
3,0.6000000000000001,25
1,0.7000000000000002,25
3,1.2,35
1,0.4,10
3,0.9999999999999998,40
1,1.0,35
