Direction,Letter Height (degrees),Eccentricity (degrees)
1,0.3000000000000002,20
1,0.30000000000000004,5
3,0.9000000000000001,20
3,0.8,15
3,1.3999999999999997,30
1,0.8,25
1,0.40000000000000024,15
3,1.0,25
1,0.30000000000000004,10
3,2.2,40
3,0.29999999999999993,10
1,1.2,40
3,1.2,35
1,0.9000000000000001,35
3,0.30000000000000004,5
1,0.8,30
