Direction,Letter Height (degrees),Eccentricity (degrees)
1,0.8,25
3,0.40000000000000013,20
1,0.7000000000000002,20
1,0.5000000000000002,15
1,1.2,35
3,0.9000000000000001,25
3,0.7000000000000002,15
1,0.40000000000000024,10
3,1.3,30
3,0.8,10
3,0.30000000000000004,5
3,0.7000000000000002,35
1,0.8999999999999999,40
1,1.2,30
3,1.6,40
1,0.20000000000000004,5
